author_link_karma,time_to_first_comment,post_localTime,author_gold,author_comment_karma,title,author_account_age,title_length,hot,nsfw,serious,post_utcTime
18,0:02:06,2016-05-31 21:56:26,0,760,"What is your ""Et tu, Brute?"" moment?","419 days, 10:00:13",7,1,0,0,2016-05-31 13:56:26
1791,0:00:37,2016-06-01 00:17:42,0,6772,What was your cringe phase like?,"436 days, 0:22:37",6,1,0,0,2016-05-31 16:17:42
9738,0:00:32,2016-06-01 00:03:12,0,35993,Which song would make a good plot for a movie?,"497 days, 8:10:20",10,1,0,0,2016-05-31 16:03:12
4216,0:01:20,2016-05-31 14:10:07,1,4873,What's something that took you way too long to realize?,"725 days, 7:26:06",10,1,0,0,2016-05-31 06:10:07
362,0:00:00,2016-05-31 22:51:03,0,1587,"What is the creepiest, most blood chilling thing you or someone you know have ever experienced?","123 days, 10:48:01",16,1,0,1,2016-05-31 14:51:03
114,0:01:22,2016-05-31 15:10:22,0,8635,"People who were adults when the 1990s started and aren't blinded by the nostalgia of childhood, what were those years really like?","1243 days, 9:39:48",22,1,0,0,2016-05-31 07:10:22
634,0:36:26,2016-05-31 17:56:57,1,52293,"If a virus killed everyone in the world above the age of 15, how would the world change?","307 days, 10:52:54",18,1,0,0,2016-05-31 09:56:57
138,0:00:18,2016-05-31 22:29:27,1,11425,What subreddits made you realize that people are fucking weird?,"169 days, 17:34:28",10,1,0,0,2016-05-31 14:29:27
7675,0:00:29,2016-05-31 22:15:10,0,77184,"What is something that you do ""just in case""?","1076 days, 14:52:11",9,1,0,0,2016-05-31 14:15:10
1,0:00:10,2016-06-01 03:12:32,1,1415,How would you describe the person that took your virginity?,"17 days, 22:58:25",10,1,1,0,2016-05-31 19:12:32
2015,0:00:22,2016-05-31 23:36:27,0,13172,What video game would you rate 10/10?,"157 days, 22:55:37",7,1,0,0,2016-05-31 15:36:27
1,12:25:46,2016-05-31 12:19:24,0,34,What news would officially break the internet?,"1114 days, 3:58:55",7,1,0,0,2016-05-31 04:19:24
2976,0:01:35,2016-06-01 02:03:45,0,2567,"What hyped food item disappointed you the most, when you finally tried it?","1168 days, 22:36:47",13,1,0,0,2016-05-31 18:03:45
2,0:00:45,2016-06-01 03:43:36,1,4835,"You are living in the mid 1800's. According to your geographical place and your gender, what makes living at this time the most difficult for you?","65 days, 22:35:06",26,1,0,0,2016-05-31 19:43:36
1447,0:00:33,2016-06-01 01:06:47,0,1176,What single player game is really good?,"315 days, 4:19:52",7,1,0,0,2016-05-31 17:06:47
4489,0:00:43,2016-06-01 02:52:07,1,808,"Hey reddit, what are some ways to fight depression without taking pharmaceuticals?","712 days, 1:23:10",12,1,0,0,2016-05-31 18:52:07
4511,0:00:25,2016-05-31 16:46:59,0,2772,What is the ugliest/most uncomforting sound?,"1591 days, 14:29:57",6,1,0,0,2016-05-31 08:46:59
2,0:00:49,2016-06-01 06:35:40,0,287,"What do you do as your own quiet way of saying ""fuck the system""?","268 days, 9:01:17",14,1,0,0,2016-05-31 22:35:40
3502,0:02:43,2016-05-31 14:33:54,0,485,"Military of Reddit. How hard is basic training, really?","1384 days, 23:54:26",9,1,0,0,2016-05-31 06:33:54
397,0:00:52,2016-06-01 05:41:23,0,3211,What's something your parents always told you to be afraid of that you later found to be harmless?,"969 days, 10:23:02",18,1,0,0,2016-05-31 21:41:23
242,0:00:30,2016-06-01 02:48:11,1,62906,What can you say about yourself that'll make the rest of us envious?,"240 days, 0:15:06",13,1,0,0,2016-05-31 18:48:11
4438,0:00:40,2016-05-31 14:52:01,1,9389,Which movies would be way better without their last five minutes?,"1680 days, 4:27:25",11,1,0,0,2016-05-31 06:52:01
154,0:01:27,2016-05-31 05:08:19,1,108,"Reddit, what was the weirdest thing you have walked in on?","82 days, 22:29:28",11,1,0,0,2016-05-30 21:08:19
37,0:00:20,2016-06-01 06:24:03,0,39,What's the best way to reject a creepy guy at a club?,"145 days, 9:24:52",12,1,0,0,2016-05-31 22:24:03
