author_link_karma,time_to_first_comment,post_localTime,author_gold,author_comment_karma,title,author_account_age,title_length,hot,nsfw,serious,post_utcTime
1,0:00:00,2016-06-03 15:59:07,0,77,People who started up their own company what are the the Do's and Don't's that you wish you knew before you made your start up?,"327 days, 0:24:26",25,1,0,1,2016-06-03 07:59:07
8007,5:48:29,2016-06-03 09:34:43,1,32896,"What's technically legal, but shady as fuck?","77 days, 11:07:25",7,1,0,0,2016-06-03 01:34:43
3724,0:00:40,2016-06-03 14:43:55,0,26313,"Dumpster divers, what's your best find?","1387 days, 16:43:56",6,1,0,0,2016-06-03 06:43:55
1042,17:08:07,2016-06-03 01:04:12,0,66,What are some productivity tools that you currently use at work?,"225 days, 3:28:32",11,1,0,0,2016-06-02 17:04:12
1,0:01:00,2016-06-03 14:09:56,1,19151,What technology exists that most people probably don't know about?,"7 days, 16:44:46",10,1,0,0,2016-06-03 06:09:56
6219,0:00:31,2016-06-03 16:24:46,1,32082,What is your hometown known for?,"111 days, 6:19:50",6,1,0,0,2016-06-03 08:24:46
1060,0:02:25,2016-06-03 02:11:46,0,772,What is the most violent thing you have ever seen in real life?,"75 days, 16:24:45",13,1,1,0,2016-06-02 18:11:46
225,0:00:33,2016-06-03 02:17:07,0,940,"What's a ""fact"" that gets repeated like crazy but has been shown to be false or unverified?","813 days, 23:34:36",17,1,0,0,2016-06-02 18:17:07
4,0:00:56,2016-06-03 15:10:15,0,68315,"What pop culture reference do you make all the time, yet no one gets?","386 days, 1:46:14",14,1,0,0,2016-06-03 07:10:15
12568,0:01:23,2016-06-03 16:23:02,1,229122,What is your most worthless achievement?,"1487 days, 18:39:22",6,1,0,0,2016-06-03 08:23:02
34,0:00:17,2016-06-03 08:30:18,0,276,What's a weird smell that you like?,"2 days, 21:27:43",7,1,0,0,2016-06-03 00:30:18
1,0:01:11,2016-06-03 04:15:43,0,540,"Other than zombies,diseases,and nuclear war,what would make for a great Apocalypse/post Apocalypse movie?","119 days, 0:06:40",13,1,0,0,2016-06-02 20:15:43
964,0:02:09,2016-06-03 13:26:27,0,39010,"So Reddit, when did you know that you just had to quit your job?","803 days, 10:56:41",14,1,0,0,2016-06-03 05:26:27
23394,0:00:32,2016-06-03 18:23:59,1,36968,"Without googling, what is the first thing that comes to mind when you hear the word ""Nebraska""?","554 days, 17:34:51",17,1,0,0,2016-06-03 10:23:59
126,0:01:55,2016-06-03 11:06:47,0,17945,Which movies are essentially perfect in every way?,"205 days, 13:22:17",8,1,0,0,2016-06-03 03:06:47
7690,0:00:41,2016-06-03 04:36:05,0,2820,What job requires you to be a dick?,"292 days, 12:30:31",8,1,0,0,2016-06-02 20:36:05
5314,0:00:22,2016-06-03 16:19:05,0,247,"What would you say is the ""nectar of the gods""?","940 days, 20:07:02",10,1,0,0,2016-06-03 08:19:05
8,0:00:57,2016-06-03 17:08:31,0,917,What is your guilty pleasure?,"66 days, 23:06:21",5,1,0,0,2016-06-03 09:08:31
1,0:00:36,2016-06-03 16:36:53,0,5,What is something that we pay for but should be free?,"46 days, 13:27:35",11,1,0,0,2016-06-03 08:36:53
1666,7:37:09,2016-06-02 16:17:55,0,44877,"Platonic friends of pornstars, what is the best, worst, and/or most awkward story from your friendship with him/her?","1459 days, 9:49:46",18,1,1,0,2016-06-02 08:17:55
1,0:01:17,2016-06-03 18:27:00,0,307,What is your favorite TV show conspiracy/fan theory?,"272 days, 18:06:57",8,1,0,0,2016-06-03 10:27:00
4912,0:01:26,2016-06-03 06:25:13,0,17378,What book is necessary for a good home library?,"908 days, 0:55:05",9,1,0,0,2016-06-02 22:25:13
3628,0:00:44,2016-06-03 11:35:56,1,38924,What's the worst excuse you've given or been given during a break up?,"488 days, 23:10:32",13,1,0,0,2016-06-03 03:35:56
9081,0:03:19,2016-06-03 19:00:38,0,941,"What's your best ""Make a rule"" for drinking games?","1719 days, 16:04:51",9,1,0,0,2016-06-03 11:00:38
