author_link_karma,time_to_first_comment,post_localTime,author_gold,author_comment_karma,title,author_account_age,title_length,hot,nsfw,serious,post_utcTime
1,0:00:46,2016-06-01 18:41:03,1,3475,Who is currently on the wrong side of history?,"50 days, 23:35:23",9,1,0,0,2016-06-01 10:41:03
4318,0:00:40,2016-06-01 21:32:47,0,13134,"What's The Saddest Moment In Any TV Show, Movie Or Video Game?","274 days, 3:31:31",12,1,0,0,2016-06-01 13:32:47
6,0:00:34,2016-06-01 22:23:16,0,183,What is the most fun way to punish a child?,"12 days, 18:31:14",10,1,0,0,2016-06-01 14:23:16
1,0:01:17,2016-06-01 14:34:34,0,0,What fact are you tired of explaining to people?,"4 days, 23:32:19",9,1,0,0,2016-06-01 06:34:34
41,0:00:57,2016-06-02 00:16:20,0,0,What lessons have you learned from your relationships?,"20 days, 7:23:40",8,1,0,0,2016-06-01 16:16:20
1,0:00:42,2016-06-02 05:05:52,0,87,"What's okay to believe in your 20s, but just dies off in your 30s?","114 days, 13:04:36",14,1,0,0,2016-06-01 21:05:52
7,0:00:17,2016-06-02 02:43:12,0,224,What rather evil thing do you sometimes do?,"5 days, 10:29:41",8,1,0,0,2016-06-01 18:43:12
28,0:04:54,2016-06-01 13:37:13,1,3000,"People in the service industry, what are some really dumb ways you've caught someone trying to cheat the system?","50 days, 23:55:47",19,1,0,0,2016-06-01 05:37:13
321,0:01:03,2016-06-01 17:51:54,0,34,What is humanity doing RIGHT?,"16 days, 8:04:33",5,1,0,0,2016-06-01 09:51:54
62,0:43:18,2016-06-02 03:16:15,1,736,What is the most clever lyric you've ever heard in a song?,"1061 days, 21:59:33",12,1,0,0,2016-06-01 19:16:15
107,0:00:20,2016-06-02 06:16:54,0,12220,What makes you different from the average Reddit user?,"333 days, 2:22:04",9,1,0,0,2016-06-01 22:16:54
1488,0:00:43,2016-06-01 22:49:46,0,114,What is something that people are only going to get worse at?,"393 days, 2:56:49",12,1,0,0,2016-06-01 14:49:46
7717,0:00:43,2016-06-01 16:03:56,1,1644,What's something way more people would be part of if there wasn't such a negative stigma surrounding it?,"1475 days, 16:05:43",18,1,0,0,2016-06-01 08:03:56
13,0:01:56,2016-06-02 01:28:14,1,119,What is your worst first-world problem?,"599 days, 16:22:00",6,1,0,0,2016-06-01 17:28:14
1,0:01:15,2016-06-01 22:52:49,0,209,Which villain can turn into a misunderstood hero with a slight change?,"1 day, 23:03:07",12,1,0,0,2016-06-01 14:52:49
1,0:00:18,2016-06-02 06:02:37,0,0,"Reddit, what's one thing you've always wanted to do but never have?","3402 days, 11:32:32",12,1,0,0,2016-06-01 22:02:37
2,0:00:49,2016-06-01 06:35:40,0,287,"What do you do as your own quiet way of saying ""fuck the system""?","268 days, 9:01:17",14,1,0,0,2016-05-31 22:35:40
736,0:00:35,2016-06-02 00:05:50,0,12280,"What terrible movie (less than 40% or 6/10 on Rotten Tomatoes, Metacritic, or IMDB) do you absolutely love?","1541 days, 19:35:42",18,1,0,0,2016-06-01 16:05:50
30,0:01:50,2016-06-02 01:00:51,0,21619,What is the best thing to do in your hometown?,"1381 days, 5:40:05",10,1,0,0,2016-06-01 17:00:51
6245,0:00:49,2016-06-01 20:15:35,1,6187,What are you genuinely afraid of?,"1372 days, 13:32:29",6,1,0,0,2016-06-01 12:15:35
4,2:52:41,2016-06-01 21:55:24,0,540,"Married redditors, how do you and your spouse manage your money?","688 days, 2:59:01",11,1,0,0,2016-06-01 13:55:24
44,0:01:07,2016-06-02 01:27:53,0,51,What advice do you have for the high school graduates of 2016?,"592 days, 16:32:20",12,1,0,0,2016-06-01 17:27:53
4541,0:07:44,2016-06-02 03:46:19,0,16369,What are some interesting but lesser known conspiracy theories?,"183 days, 22:44:04",9,1,0,0,2016-06-01 19:46:19
126,0:01:02,2016-06-02 06:43:37,0,17830,What are the things you look for every time you see a thrift store or pawn shop?,"204 days, 8:59:07",17,1,0,0,2016-06-01 22:43:37
