author_link_karma,time_to_first_comment,post_localTime,author_gold,author_comment_karma,title,author_account_age,title_length,hot,nsfw,serious,post_utcTime
1,0:01:12,2016-06-02 11:54:35,0,47,"What was your ""fuck it, I'm done"" moment?","2 days, 10:15:41",8,1,0,0,2016-06-02 03:54:35
1666,1:53:34,2016-06-02 16:17:55,0,40961,"Platonic friends of pornstars, what is the best, worst, and/or most awkward story from your friendship with him/her?","1459 days, 9:49:46",18,1,1,0,2016-06-02 08:17:55
4122,0:01:11,2016-06-02 15:00:20,1,1649,What is the wierdest thing that society just accepts?,"770 days, 15:01:08",9,1,0,0,2016-06-02 07:00:20
4086,0:01:13,2016-06-02 07:25:14,0,328,What was the shittiest rule your school had?,"472 days, 5:37:43",8,1,0,0,2016-06-01 23:25:14
1,0:00:24,2016-06-02 15:45:48,0,325,"Other than when people became gorilla/zoo experts, what are some other topics your Facebook friends became ""experts"" on overnight?","133 days, 20:39:10",19,1,0,0,2016-06-02 07:45:48
1,0:00:01,2016-06-01 20:30:55,0,2170,"Tattoo artists, what tattoo trends are you sick of?","434 days, 13:14:40",9,1,0,1,2016-06-01 12:30:55
425,0:00:26,2016-06-02 16:56:03,0,341,What's just as fun at the age of 5 as it is at the age of 25?,"323 days, 23:15:07",17,1,0,0,2016-06-02 08:56:03
1,0:01:46,2016-06-02 13:21:03,1,16079,"Reddit, who was ""that"" kid in your school and what did he do?","6 days, 15:55:53",13,1,0,0,2016-06-02 05:21:03
1,0:01:01,2016-06-02 13:53:03,0,24,"Reddit, what is a song you shouldn't play at a funeral?","2 days, 22:04:50",11,1,0,0,2016-06-02 05:53:03
1,0:00:18,2016-06-02 06:02:37,0,0,"Reddit, what's one thing you've always wanted to do but never have?","3402 days, 11:32:32",12,1,0,0,2016-06-01 22:02:37
548,0:01:06,2016-06-02 10:52:21,0,432,What do you think is your best feature? What do you think is your worst?,"3214 days, 20:24:13",15,1,0,0,2016-06-02 02:52:21
28540,0:00:16,2016-06-02 15:11:02,0,5755,What is the quickest way to ruin your morning?,"1494 days, 9:45:50",9,1,0,0,2016-06-02 07:11:02
4318,0:00:40,2016-06-01 21:32:47,0,13155,"What's The Saddest Moment In Any TV Show, Movie Or Video Game?","274 days, 3:31:31",12,1,0,0,2016-06-01 13:32:47
6,0:00:34,2016-06-01 22:23:16,0,303,What is the most fun way to punish a child?,"12 days, 18:31:14",10,1,0,0,2016-06-01 14:23:16
62,15:29:47,2016-06-02 03:16:15,1,736,What is the most clever lyric you've ever heard in a song?,"1061 days, 21:59:33",12,1,0,0,2016-06-01 19:16:15
97,0:00:57,2016-06-02 00:16:20,0,1,What lessons have you learned from your relationships?,"20 days, 7:23:40",8,1,0,0,2016-06-01 16:16:20
7,0:00:17,2016-06-02 02:43:12,0,890,What rather evil thing do you sometimes do?,"5 days, 10:29:41",8,1,0,0,2016-06-01 18:43:12
70,0:05:54,2016-06-02 12:48:17,1,9177,"Who, in your opinion was the best casting choice of all time and why? Who would be your second choice to play the role?","423 days, 21:12:39",24,1,0,0,2016-06-02 04:48:17
107,0:00:20,2016-06-02 06:16:54,0,12599,What makes you different from the average Reddit user?,"333 days, 2:22:04",9,1,0,0,2016-06-01 22:16:54
19628,0:01:15,2016-06-02 12:42:20,0,16178,Which hero lived long enough to see themselves become the villain?,"1637 days, 2:54:02",11,1,0,0,2016-06-02 04:42:20
2823,0:00:33,2016-06-02 17:42:45,0,2324,What's a name that automatically makes someone seem stupid/trashy?,"274 days, 6:03:25",9,1,0,0,2016-06-02 09:42:45
1,0:01:09,2016-06-02 17:39:17,0,1638,What made you realise you are getting old?,"233 days, 4:57:42",8,1,0,0,2016-06-02 09:39:17
375,0:01:12,2016-06-02 09:40:02,1,1860,What is something you should learn as soon as possible?,"1243 days, 16:46:34",10,1,0,0,2016-06-02 01:40:02
117,0:00:35,2016-06-02 15:15:56,0,-1,What is your favourite 'healthy' meal to eat?,"6 days, 22:35:24",8,1,0,0,2016-06-02 07:15:56
